{
  "alipay/close_app.js": "alipay/close_app-ff7725cc0e.js",
  "alipay/open_id_init.js": "alipay/open_id_init-11072fc9e6.js",
  "default/activity399_init.js": "default/activity399_init-05a638705e.js",
  "default/activity399v2_init.js": "default/activity399v2_init-e52a9ad065.js",
  "default/activity_comp_editor.js": "default/activity_comp_editor-2b62d86d17.js",
  "default/activity_init.js": "default/activity_init-65d52c47ba.js",
  "default/back.js": "default/back-490359c3e3.js",
  "default/base_info_init.js": "default/base_info_init-dec5fc27c5.js",
  "default/bigpipe/pipe_able.js": "default/bigpipe/pipe_able-5c9c644cb9.js",
  "default/browser.js": "default/browser-5a9a4c5b5d.js",
  "default/butler_pick_service_choose_product_init.js": "default/butler_pick_service_choose_product_init-331d746a8a.js",
  "default/butler_pick_service_init.js": "default/butler_pick_service_init-ddfc6a379b.js",
  "default/car_beauty_service_init.js": "default/car_beauty_service_init-ddfc6a379b.js",
  "default/car_beauty_service_product_info_init.js": "default/car_beauty_service_product_info_init-ac74bbf2ed.js",
  "default/car_choose2_init.js": "default/car_choose2_init-4adc51187e.js",
  "default/car_choose3_init.js": "default/car_choose3_init-da6da6ef3d.js",
  "default/car_choose4_init.js": "default/car_choose4_init-f11af773ee.js",
  "default/car_choose_init.js": "default/car_choose_init-4bf8db1aaf.js",
  "default/car_info.js": "default/car_info-7c6b975e25.js",
  "default/car_list_init.js": "default/car_list_init-9f4c44bab8.js",
  "default/clear_init.js": "default/clear_init-0841836949.js",
  "default/close_app.js": "default/close_app-d41d8cd98f.js",
  "default/coupon_got_init.js": "default/coupon_got_init-7f582448e0.js",
  "default/coupon_share_list_test_init.js": "default/coupon_share_list_test_init-9d9abda6ce.js",
  "default/duplicate_submission.js": "default/duplicate_submission-29c18c8396.js",
  "default/env.js": "default/env-07cd196ea9.js",
  "default/font/auto_font_size.js": "default/font/auto_font_size-1270a9c0ed.js",
  "default/form.js": "default/form-9438870dc4.js",
  "default/format.js": "default/format-3e921a7a50.js",
  "default/get_address_init.js": "default/get_address_init-cc2e2de7d8.js",
  "default/home_testing_service_init.js": "default/home_testing_service_init-ddfc6a379b.js",
  "default/home_testing_service_product_info_init.js": "default/home_testing_service_product_info_init-ac74bbf2ed.js",
  "default/http.js": "default/http-080a25ddf9.js",
  "default/location.js": "default/location-1e0cf9eb53.js",
  "default/login_init.js": "default/login_init-d0909b1619.js",
  "default/map.js": "default/map-0176ad0e81.js",
  "default/my_address_manage_init.js": "default/my_address_manage_init-0f51763935.js",
  "default/my_cars_init.js": "default/my_cars_init-44442153b2.js",
  "default/my_coupons_init.js": "default/my_coupons_init-e3ee87d3b3.js",
  "default/my_exam_reports_detail_init.js": "default/my_exam_reports_detail_init-824c78054f.js",
  "default/my_exam_reports_init.js": "default/my_exam_reports_init-dd3f454618.js",
  "default/my_info_init.js": "default/my_info_init-f586b5a48f.js",
  "default/obj_util.js": "default/obj_util-3c35655692.js",
  "default/old_service_start.js": "default/old_service_start-9a3d0c4da9.js",
  "default/openid.js": "default/openid-cf9b14052a.js",
  "default/order.js": "default/order-fa50baed9f.js",
  "default/order/create.js": "default/order/create-4f968fef0f.js",
  "default/order/get_payment_order_id.js": "default/order/get_payment_order_id-ba0b4d15dc.js",
  "default/order_comment_init.js": "default/order_comment_init-4fc3f6460f.js",
  "default/order_flow_init.js": "default/order_flow_init-e52601b540.js",
  "default/order_info.js": "default/order_info-c68aa823fd.js",
  "default/order_info_init.js": "default/order_info_init-6bcc8dba04.js",
  "default/order_info_suc_init.js": "default/order_info_suc_init-494e747347.js",
  "default/order_list_init.js": "default/order_list_init-d606adf0c7.js",
  "default/order_success_init.js": "default/order_success_init-545b04a922.js",
  "default/paging.js": "default/paging-1510a56899.js",
  "default/parameter.js": "default/parameter-8353842c0b.js",
  "default/pay.js": "default/pay-19b50ebcf3.js",
  "default/pay/do.js": "default/pay/do-a78ddfa1f9.js",
  "default/pay_param.js": "default/pay_param-d621f9e0d5.js",
  "default/products.js": "default/products-157189900e.js",
  "default/qiniu_helper.js": "default/qiniu_helper-234508a0e5.js",
  "default/renewal_service_init.js": "default/renewal_service_init-ddfc6a379b.js",
  "default/renewal_service_product_info_init.js": "default/renewal_service_product_info_init-ac74bbf2ed.js",
  "default/repository.js": "default/repository-87d92273b3.js",
  "default/router.js": "default/router-fed8c0f3a7.js",
  "default/set_activity_peer_source.js": "default/set_activity_peer_source-b387554d1d.js",
  "default/set_loss_service_init.js": "default/set_loss_service_init-ddfc6a379b.js",
  "default/set_loss_service_product_info_init.js": "default/set_loss_service_product_info_init-ac74bbf2ed.js",
  "default/share.js": "default/share-c9d901ac46.js",
  "default/show_msg.js": "default/show_msg-865d8654b3.js",
  "default/simple_service_product_info.js": "default/simple_service_product_info-d59b4681e9.js",
  "default/store_init.js": "default/store_init-7cd9f7c562.js",
  "default/store_item_detail_init.js": "default/store_item_detail_init-f87b559439.js",
  "default/store_item_page_init.js": "default/store_item_page_init-c0f8f13536.js",
  "default/super_dimmer.js": "default/super_dimmer-fca0b34eed.js",
  "default/supplier.js": "default/supplier-9fc0bcc92c.js",
  "default/swiper.js": "default/swiper-2481ff732b.js",
  "default/swiper_line.js": "default/swiper_line-581f159980.js",
  "default/template.js": "default/template-8827257758.js",
  "default/template_init.js": "default/template_init-c1ad961d2d.js",
  "default/times_card_page_init.js": "default/times_card_page_init-5e1fe9e786.js",
  "default/tpl1.js": "default/tpl1-00cc60f41a.js",
  "default/tpl2.js": "default/tpl2-1c199726c1.js",
  "default/tpl3.js": "default/tpl3-91912964b4.js",
  "default/tpl4.js": "default/tpl4-67d7c3b26f.js",
  "default/tpl5.js": "default/tpl5-de026198d8.js",
  "default/user.js": "default/user-67d0c1c5f2.js",
  "default/video.js": "default/video-beea02b55b.js",
  "default/viewport.js": "default/viewport-3ea920a8f8.js",
  "default/winter_init.js": "default/winter_init-7ebbb160f9.js",
  "lib/common.js": "lib/common-487cebc6b8.js",
  "lib/mobile-util.js": "lib/mobile-util-6295f0f3f9.js",
  "lib/yangaiche.js": "lib/yangaiche-ffa4c067f2.js",
  "lib/yangaiche_init.js": "lib/yangaiche_init-16ffa905de.js",
  "lib/yangaiche_module.js": "lib/yangaiche_module-e7ebe1607c.js",
  "normal/open_id_init.js": "normal/open_id_init-9acf07d75f.js",
  "normal/order_success_init.js": "normal/order_success_init-6fb55e9bfb.js",
  "normal/tool_cal_init.js": "normal/tool_cal_init-257f8bfd52.js",
  "shequbanjing/open_id_init.js": "shequbanjing/open_id_init-9acf07d75f.js",
  "shequbanjing/order/create.js": "shequbanjing/order/create-a294d9ca42.js",
  "shequbanjing/order/get_payment_order_id.js": "shequbanjing/order/get_payment_order_id-763cae631d.js",
  "shequbanjing/order_success_init.js": "shequbanjing/order_success_init-11ace51d30.js",
  "shequbanjing/pay/do.js": "shequbanjing/pay/do-0a4d000ebf.js",
  "shequbanjing/store_init.js": "shequbanjing/store_init-6b1d70a3ca.js",
  "weixin/close_app.js": "weixin/close_app-5975997b13.js",
  "weixin/init_open_id_params.js": "weixin/init_open_id_params-b97e0e1964.js",
  "weixin/open_id_init.js": "weixin/open_id_init-b43e13ff72.js",
  "weixin/pay_param.js": "weixin/pay_param-3dc26225da.js",
  "weixin/simple_get_openid_init.js": "weixin/simple_get_openid_init-63c045a2f4.js",
  "xiaomi/open_id_init.js": "xiaomi/open_id_init-546f912e1a.js",
  "xiaomi/store_init.js": "xiaomi/store_init-009f216543.js",
  "yangaiche/close_app.js": "yangaiche/close_app-36d11003e2.js",
  "yangaiche/go_back.js": "yangaiche/go_back-8a917bdf57.js",
  "yangaiche/ios/bridge.js": "yangaiche/ios/bridge-610178a698.js",
  "yangaiche/open_id_init.js": "yangaiche/open_id_init-9acf07d75f.js",
  "yangaiche/order_success_init.js": "yangaiche/order_success_init-17a022e851.js",
  "yangaiche/set_activity_peer_source.js": "yangaiche/set_activity_peer_source-7a6aefba08.js",
  "yangaiche/store_init.js": "yangaiche/store_init-10e30814f9.js",
  "yangaiche/supplier.js": "yangaiche/supplier-5c0bdebd97.js",
  "yangaiche/test_js_bridge_init.js": "yangaiche/test_js_bridge_init-1594070ab4.js"
}