{
  "alipay/close_app.js": "alipay/close_app-ff7725cc0e.js",
  "alipay/open_id_init.js": "alipay/open_id_init-11072fc9e6.js",
  "default/activity399_init.js": "default/activity399_init-05a638705e.js",
  "default/activity399v2_init.js": "default/activity399v2_init-e52a9ad065.js",
  "default/activity_comp_editor.js": "default/activity_comp_editor-2b62d86d17.js",
  "default/activity_init.js": "default/activity_init-65d52c47ba.js",
  "default/activity_order_create_init.js": "default/activity_order_create_init-947d6919bc.js",
  "default/activity_order_success_init.js": "default/activity_order_success_init-42166536f8.js",
  "default/back.js": "default/back-490359c3e3.js",
  "default/base_info_init.js": "default/base_info_init-dec5fc27c5.js",
  "default/bigpipe/pipe_able.js": "default/bigpipe/pipe_able-5c9c644cb9.js",
  "default/browser.js": "default/browser-5a9a4c5b5d.js",
  "default/butler_pick_service_choose_product_init.js": "default/butler_pick_service_choose_product_init-331d746a8a.js",
  "default/butler_pick_service_init.js": "default/butler_pick_service_init-ddfc6a379b.js",
  "default/car_beauty_service_init.js": "default/car_beauty_service_init-ddfc6a379b.js",
  "default/car_beauty_service_product_info_init.js": "default/car_beauty_service_product_info_init-ac74bbf2ed.js",
  "default/car_choose2_init.js": "default/car_choose2_init-4adc51187e.js",
  "default/car_choose3_init.js": "default/car_choose3_init-da6da6ef3d.js",
  "default/car_choose4_init.js": "default/car_choose4_init-f11af773ee.js",
  "default/car_choose_init.js": "default/car_choose_init-4bf8db1aaf.js",
  "default/car_info.js": "default/car_info-7c6b975e25.js",
  "default/car_list_init.js": "default/car_list_init-9f4c44bab8.js",
  "default/clear_init.js": "default/clear_init-0841836949.js",
  "default/close_app.js": "default/close_app-d41d8cd98f.js",
  "default/coupon_got_init.js": "default/coupon_got_init-7f582448e0.js",
  "default/coupon_share_list_test_init.js": "default/coupon_share_list_test_init-9d9abda6ce.js",
  "default/duplicate_submission.js": "default/duplicate_submission-29c18c8396.js",
  "default/env.js": "default/env-5dffc0eebe.js",
  "default/font/auto_font_size.js": "default/font/auto_font_size-1270a9c0ed.js",
  "default/form.js": "default/form-9438870dc4.js",
  "default/format.js": "default/format-3e921a7a50.js",
  "default/get_address_init.js": "default/get_address_init-cc2e2de7d8.js",
  "default/home_testing_service_init.js": "default/home_testing_service_init-ddfc6a379b.js",
  "default/home_testing_service_product_info_init.js": "default/home_testing_service_product_info_init-ac74bbf2ed.js",
  "default/http.js": "default/http-080a25ddf9.js",
  "default/location.js": "default/location-1e0cf9eb53.js",
  "default/login_init.js": "default/login_init-d0909b1619.js",
  "default/map.js": "default/map-0176ad0e81.js",
  "default/my_address_manage_init.js": "default/my_address_manage_init-0f51763935.js",
  "default/my_cars_init.js": "default/my_cars_init-44442153b2.js",
  "default/my_coupons_init.js": "default/my_coupons_init-ee857ad0fb.js",
  "default/my_exam_reports_detail_init.js": "default/my_exam_reports_detail_init-824c78054f.js",
  "default/my_exam_reports_init.js": "default/my_exam_reports_init-dd3f454618.js",
  "default/my_info_init.js": "default/my_info_init-f586b5a48f.js",
  "default/obj_util.js": "default/obj_util-3c35655692.js",
  "default/old_service_start.js": "default/old_service_start-9a3d0c4da9.js",
  "default/openid.js": "default/openid-cf9b14052a.js",
  "default/order.js": "default/order-fa50baed9f.js",
  "default/order/create.js": "default/order/create-4f968fef0f.js",
  "default/order/get_payment_order_id.js": "default/order/get_payment_order_id-ba0b4d15dc.js",
  "default/order_comment_init.js": "default/order_comment_init-4fc3f6460f.js",
  "default/order_flow_init.js": "default/order_flow_init-e52601b540.js",
  "default/order_info.js": "default/order_info-c68aa823fd.js",
  "default/order_info_init.js": "default/order_info_init-6bcc8dba04.js",
  "default/order_info_suc_init.js": "default/order_info_suc_init-494e747347.js",
  "default/order_list_init.js": "default/order_list_init-d606adf0c7.js",
  "default/order_success_init.js": "default/order_success_init-545b04a922.js",
  "default/paging.js": "default/paging-1510a56899.js",
  "default/parameter.js": "default/parameter-8353842c0b.js",
  "default/pay.js": "default/pay-92520992dc.js",
  "default/pay/do.js": "default/pay/do-a78ddfa1f9.js",
  "default/pay_param.js": "default/pay_param-d621f9e0d5.js",
  "default/products.js": "default/products-157189900e.js",
  "default/qiniu_helper.js": "default/qiniu_helper-234508a0e5.js",
  "default/renewal_service_init.js": "default/renewal_service_init-ddfc6a379b.js",
  "default/renewal_service_product_info_init.js": "default/renewal_service_product_info_init-ac74bbf2ed.js",
  "default/repository.js": "default/repository-87d92273b3.js",
  "default/router.js": "default/router-fed8c0f3a7.js",
  "default/set_activity_peer_source.js": "default/set_activity_peer_source-b387554d1d.js",
  "default/set_loss_service_init.js": "default/set_loss_service_init-ddfc6a379b.js",
  "default/set_loss_service_product_info_init.js": "default/set_loss_service_product_info_init-ac74bbf2ed.js",
  "default/share.js": "default/share-c9d901ac46.js",
  "default/show_msg.js": "default/show_msg-865d8654b3.js",
  "default/simple_service_product_info.js": "default/simple_service_product_info-d59b4681e9.js",
  "default/store_init.js": "default/store_init-7cd9f7c562.js",
  "default/store_item_detail_init.js": "default/store_item_detail_init-f87b559439.js",
  "default/store_item_page_init.js": "default/store_item_page_init-c0f8f13536.js",
  "default/super_dimmer.js": "default/super_dimmer-fca0b34eed.js",
  "default/supplier.js": "default/supplier-9fc0bcc92c.js",
  "default/swiper.js": "default/swiper-2481ff732b.js",
  "default/swiper_line.js": "default/swiper_line-581f159980.js",
  "default/template.js": "default/template-8827257758.js",
  "default/template_init.js": "default/template_init-c1ad961d2d.js",
  "default/times_card_page_init.js": "default/times_card_page_init-5e1fe9e786.js",
  "default/tpl1.js": "default/tpl1-00cc60f41a.js",
  "default/tpl2.js": "default/tpl2-1c199726c1.js",
  "default/tpl3.js": "default/tpl3-91912964b4.js",
  "default/tpl4.js": "default/tpl4-67d7c3b26f.js",
  "default/tpl5.js": "default/tpl5-de026198d8.js",
  "default/user.js": "default/user-67d0c1c5f2.js",
  "default/video.js": "default/video-beea02b55b.js",
  "default/viewport.js": "default/viewport-3ea920a8f8.js",
  "default/winter_init.js": "default/winter_init-7ebbb160f9.js",
  "lib/common.js": "lib/common-487cebc6b8.js",
  "lib/mobile-util.js": "lib/mobile-util-6295f0f3f9.js",
  "lib/moment/locale/af.js": "lib/moment/locale/af-dc2bab7b41.js",
  "lib/moment/locale/ar-ma.js": "lib/moment/locale/ar-ma-3b852aa10b.js",
  "lib/moment/locale/ar-sa.js": "lib/moment/locale/ar-sa-a3b6cade33.js",
  "lib/moment/locale/ar-tn.js": "lib/moment/locale/ar-tn-11f8b6a517.js",
  "lib/moment/locale/ar.js": "lib/moment/locale/ar-84da15de3d.js",
  "lib/moment/locale/az.js": "lib/moment/locale/az-3925a87abe.js",
  "lib/moment/locale/be.js": "lib/moment/locale/be-2a41c7345b.js",
  "lib/moment/locale/bg.js": "lib/moment/locale/bg-8d0963f56b.js",
  "lib/moment/locale/bn.js": "lib/moment/locale/bn-170517245c.js",
  "lib/moment/locale/bo.js": "lib/moment/locale/bo-22b3782f46.js",
  "lib/moment/locale/br.js": "lib/moment/locale/br-2aef37f240.js",
  "lib/moment/locale/bs.js": "lib/moment/locale/bs-13273e3e26.js",
  "lib/moment/locale/ca.js": "lib/moment/locale/ca-02b13e1171.js",
  "lib/moment/locale/cs.js": "lib/moment/locale/cs-6c23ced806.js",
  "lib/moment/locale/cv.js": "lib/moment/locale/cv-86eee84c54.js",
  "lib/moment/locale/cy.js": "lib/moment/locale/cy-987cdd6784.js",
  "lib/moment/locale/da.js": "lib/moment/locale/da-4f9ec874dc.js",
  "lib/moment/locale/de-at.js": "lib/moment/locale/de-at-7e92b09fbe.js",
  "lib/moment/locale/de.js": "lib/moment/locale/de-29ac5edad3.js",
  "lib/moment/locale/el.js": "lib/moment/locale/el-7393317389.js",
  "lib/moment/locale/en-au.js": "lib/moment/locale/en-au-ec689fa233.js",
  "lib/moment/locale/en-ca.js": "lib/moment/locale/en-ca-1be3616e52.js",
  "lib/moment/locale/en-gb.js": "lib/moment/locale/en-gb-c1f20dba97.js",
  "lib/moment/locale/eo.js": "lib/moment/locale/eo-70a3a1a58a.js",
  "lib/moment/locale/es.js": "lib/moment/locale/es-166f919f6c.js",
  "lib/moment/locale/et.js": "lib/moment/locale/et-ec14851759.js",
  "lib/moment/locale/eu.js": "lib/moment/locale/eu-6af52ca7fb.js",
  "lib/moment/locale/fa.js": "lib/moment/locale/fa-ba21798b57.js",
  "lib/moment/locale/fi.js": "lib/moment/locale/fi-64a4d6450e.js",
  "lib/moment/locale/fo.js": "lib/moment/locale/fo-5a6d633234.js",
  "lib/moment/locale/fr-ca.js": "lib/moment/locale/fr-ca-d3391c1e0f.js",
  "lib/moment/locale/fr.js": "lib/moment/locale/fr-014226661b.js",
  "lib/moment/locale/fy.js": "lib/moment/locale/fy-a7d31eb2eb.js",
  "lib/moment/locale/gl.js": "lib/moment/locale/gl-7f68902d61.js",
  "lib/moment/locale/he.js": "lib/moment/locale/he-e8437f9e3b.js",
  "lib/moment/locale/hi.js": "lib/moment/locale/hi-defc60a934.js",
  "lib/moment/locale/hr.js": "lib/moment/locale/hr-f6f9d1cf2c.js",
  "lib/moment/locale/hu.js": "lib/moment/locale/hu-0e4f82b4ff.js",
  "lib/moment/locale/hy-am.js": "lib/moment/locale/hy-am-d6a18271a0.js",
  "lib/moment/locale/id.js": "lib/moment/locale/id-af8f1beef8.js",
  "lib/moment/locale/is.js": "lib/moment/locale/is-24994c2d85.js",
  "lib/moment/locale/it.js": "lib/moment/locale/it-082d978801.js",
  "lib/moment/locale/ja.js": "lib/moment/locale/ja-6912eed951.js",
  "lib/moment/locale/jv.js": "lib/moment/locale/jv-fa68db394c.js",
  "lib/moment/locale/ka.js": "lib/moment/locale/ka-42f52d607f.js",
  "lib/moment/locale/km.js": "lib/moment/locale/km-f9d68b4e16.js",
  "lib/moment/locale/ko.js": "lib/moment/locale/ko-545f75d58a.js",
  "lib/moment/locale/lb.js": "lib/moment/locale/lb-b6d350fd6f.js",
  "lib/moment/locale/lt.js": "lib/moment/locale/lt-666ffb9f2c.js",
  "lib/moment/locale/lv.js": "lib/moment/locale/lv-653ad083ff.js",
  "lib/moment/locale/me.js": "lib/moment/locale/me-a3665e67b4.js",
  "lib/moment/locale/mk.js": "lib/moment/locale/mk-26ffc59c49.js",
  "lib/moment/locale/ml.js": "lib/moment/locale/ml-1d50033a73.js",
  "lib/moment/locale/mr.js": "lib/moment/locale/mr-2324210d33.js",
  "lib/moment/locale/ms-my.js": "lib/moment/locale/ms-my-0a77c3e2de.js",
  "lib/moment/locale/ms.js": "lib/moment/locale/ms-14c006da36.js",
  "lib/moment/locale/my.js": "lib/moment/locale/my-fa736ef687.js",
  "lib/moment/locale/nb.js": "lib/moment/locale/nb-4a1c3bea84.js",
  "lib/moment/locale/ne.js": "lib/moment/locale/ne-2a6ef3edd5.js",
  "lib/moment/locale/nl.js": "lib/moment/locale/nl-b1c92e2904.js",
  "lib/moment/locale/nn.js": "lib/moment/locale/nn-9915f2bd75.js",
  "lib/moment/locale/pl.js": "lib/moment/locale/pl-78687379f6.js",
  "lib/moment/locale/pt-br.js": "lib/moment/locale/pt-br-4276428a0f.js",
  "lib/moment/locale/pt.js": "lib/moment/locale/pt-7a12b8849f.js",
  "lib/moment/locale/ro.js": "lib/moment/locale/ro-9eff3b53aa.js",
  "lib/moment/locale/ru.js": "lib/moment/locale/ru-1ce26ace48.js",
  "lib/moment/locale/si.js": "lib/moment/locale/si-cbabbef10f.js",
  "lib/moment/locale/sk.js": "lib/moment/locale/sk-a93e3e500e.js",
  "lib/moment/locale/sl.js": "lib/moment/locale/sl-c0756b3443.js",
  "lib/moment/locale/sq.js": "lib/moment/locale/sq-49a65f4e57.js",
  "lib/moment/locale/sr-cyrl.js": "lib/moment/locale/sr-cyrl-7f7f1acc20.js",
  "lib/moment/locale/sr.js": "lib/moment/locale/sr-f07b914de3.js",
  "lib/moment/locale/sv.js": "lib/moment/locale/sv-a070b74609.js",
  "lib/moment/locale/ta.js": "lib/moment/locale/ta-78fe8bd70e.js",
  "lib/moment/locale/th.js": "lib/moment/locale/th-5440a86159.js",
  "lib/moment/locale/tl-ph.js": "lib/moment/locale/tl-ph-78d99493a9.js",
  "lib/moment/locale/tr.js": "lib/moment/locale/tr-f9fb86c9e8.js",
  "lib/moment/locale/tzl.js": "lib/moment/locale/tzl-7c5d6105e7.js",
  "lib/moment/locale/tzm-latn.js": "lib/moment/locale/tzm-latn-415e3aee30.js",
  "lib/moment/locale/tzm.js": "lib/moment/locale/tzm-e91c339982.js",
  "lib/moment/locale/uk.js": "lib/moment/locale/uk-cb9102b419.js",
  "lib/moment/locale/uz.js": "lib/moment/locale/uz-491f09fd28.js",
  "lib/moment/locale/vi.js": "lib/moment/locale/vi-c7ec05ece6.js",
  "lib/moment/locale/zh-cn.js": "lib/moment/locale/zh-cn-cdb907e020.js",
  "lib/moment/locale/zh-tw.js": "lib/moment/locale/zh-tw-ef7584796a.js",
  "lib/moment/min/locales.js": "lib/moment/min/locales-934868d4a8.js",
  "lib/moment/min/locales.min.js": "lib/moment/min/locales-934868d4a8.min.js",
  "lib/moment/min/moment-with-locales.js": "lib/moment/min/moment-with-locales-8921196249.js",
  "lib/moment/min/moment-with-locales.min.js": "lib/moment/min/moment-with-locales-8921196249.min.js",
  "lib/moment/min/moment.min.js": "lib/moment/min/moment-591e0c05a8.min.js",
  "lib/moment/min/tests.js": "lib/moment/min/tests-be444ca311.js",
  "lib/moment/moment.js": "lib/moment/moment-591e0c05a8.js",
  "lib/yangaiche.js": "lib/yangaiche-a7c9795d45.js",
  "lib/yangaiche_init.js": "lib/yangaiche_init-16ffa905de.js",
  "lib/yangaiche_module.js": "lib/yangaiche_module-e7ebe1607c.js",
  "normal/open_id_init.js": "normal/open_id_init-9acf07d75f.js",
  "normal/order_success_init.js": "normal/order_success_init-6fb55e9bfb.js",
  "normal/tool_cal_init.js": "normal/tool_cal_init-257f8bfd52.js",
  "shequbanjing/open_id_init.js": "shequbanjing/open_id_init-9acf07d75f.js",
  "shequbanjing/order/create.js": "shequbanjing/order/create-a294d9ca42.js",
  "shequbanjing/order/get_payment_order_id.js": "shequbanjing/order/get_payment_order_id-763cae631d.js",
  "shequbanjing/order_success_init.js": "shequbanjing/order_success_init-11ace51d30.js",
  "shequbanjing/pay/do.js": "shequbanjing/pay/do-0a4d000ebf.js",
  "shequbanjing/store_init.js": "shequbanjing/store_init-6b1d70a3ca.js",
  "weixin/close_app.js": "weixin/close_app-5975997b13.js",
  "weixin/init_open_id_params.js": "weixin/init_open_id_params-b97e0e1964.js",
  "weixin/open_id_init.js": "weixin/open_id_init-b43e13ff72.js",
  "weixin/pay_param.js": "weixin/pay_param-3dc26225da.js",
  "weixin/simple_get_openid_init.js": "weixin/simple_get_openid_init-63c045a2f4.js",
  "xiaomi/open_id_init.js": "xiaomi/open_id_init-546f912e1a.js",
  "xiaomi/store_init.js": "xiaomi/store_init-009f216543.js",
  "yangaiche/close_app.js": "yangaiche/close_app-36d11003e2.js",
  "yangaiche/go_back.js": "yangaiche/go_back-8a917bdf57.js",
  "yangaiche/ios/bridge.js": "yangaiche/ios/bridge-610178a698.js",
  "yangaiche/open_id_init.js": "yangaiche/open_id_init-9acf07d75f.js",
  "yangaiche/order_success_init.js": "yangaiche/order_success_init-17a022e851.js",
  "yangaiche/set_activity_peer_source.js": "yangaiche/set_activity_peer_source-7a6aefba08.js",
  "yangaiche/store_init.js": "yangaiche/store_init-10e30814f9.js",
  "yangaiche/supplier.js": "yangaiche/supplier-498f17bee8.js",
  "yangaiche/test_js_bridge_init.js": "yangaiche/test_js_bridge_init-193d492952.js"
}